Name,Season,Region,Games,Win rate,K:D,GPM,GDM,Game duration,Kills / game,Deaths / game,Towers killed,Towers lost,FB%,FT%,DRAPG,DRA%,VGPG,HERPG,HER%,DRA@15,TD@15,GD@15,PPG,NASHPG,NASH%,CSM,DPM,WPM,VWPM,WCPM
100 Thieves,S14,NA,22,45.50%,0.82,1846,-59,29:53:00,12.8,15.6,5.9,6.2,50,50,1.36,39.4,2.7,0.55,54.5,0.55,-0.5,-1004,4.36,0.45,42.5,33.6,2653,3.4,1.14,1.43
A One Man Army,S14,BE,13,53.80%,1.15,1903,80,31:41:00,17.2,14.8,7.2,5.8,38.5,53.8,2.85,63.1,2.5,0.54,53.8,1.31,-0.1,-146,4.31,0.92,64.6,32.4,2945,3.2,0.94,1.06
Aegis,S14,FR,18,16.70%,0.66,1749,-222,31:42:00,10.8,16.3,4.3,8.2,61.1,33.3,2.17,52.4,2.3,0.56,55.6,1,-0.4,-1195,4.22,0.56,28.1,33,2294,3.5,1.25,1.37
Akroma,S14,FR,21,33.30%,0.74,1833,-79,33:29:00,15,20.3,6,6.8,33.3,66.7,1.71,35.1,3.6,0.71,71.4,0.52,0.1,110,4.14,0.76,39.7,32,2687,3.3,0.98,1.35
All for One Gaming,S14,DE,18,11.10%,0.6,1698,-331,29:49:00,12.1,20.2,2.6,8.7,50,22.2,1.44,33.2,1.7,0.39,41.2,0.94,-0.5,-1758,3.17,0.17,9.4,30.6,2389,3,0.76,1.26
aNc Outplayed,S14,IT,13,46.20%,0.94,1832,-28,34:16:00,14.8,15.8,6,7.1,69.2,61.5,2.31,46.5,3.5,0.46,46.2,0.85,0.3,876,5.31,0.69,41,32.8,2429,3.2,1.15,1.33
Ankora Gaming,S14,RS,13,7.70%,0.64,1682,-277,32:42:00,11.6,18.2,4.1,9.7,46.2,46.2,2.38,48.8,2.5,0.62,61.5,1.23,-0.5,-1365,2.31,0.46,33.3,29.6,2344,3,0.7,0.98
Anorthosis Famagusta Esports,S14,GR,34,52.90%,1.22,1889,56,30:53:00,17.9,14.6,7.1,5.8,67.6,47.1,2.47,58.7,2.7,0.79,79.4,0.94,-0.1,452,4.03,0.85,66.7,30.8,2736,3.4,1.1,1.33
Antic Esports,S14,OCE,24,58.30%,1.33,1984,136,29:22:00,19.8,14.9,7,5.5,54.2,66.7,2.13,57,3.8,0.54,54.2,0.88,0.7,1594,6.33,0.63,52.3,32.9,3067,2.9,0.92,1.11
Anubis Gaming,S14,AL,20,45.00%,0.99,1885,21,31:03:00,17,17.2,5.9,6,40,55,2.3,51.6,3.4,0.55,55,0.8,0.4,989,4.3,0.85,52.2,32,2804,3.2,1.15,1.21
Anyone s Legend,S14,CN,45,60.00%,1.16,1941,91,30:51:00,15,12.9,6.8,5.5,55.6,33.3,2.22,53,3.1,0.44,44.4,-,-,702,-,0.84,54.4,35.1,2650,3.8,1.25,1.74
AOE Esports,S14,NA,25,28.00%,0.72,1706,-277,31:25:00,11.9,16.6,3.8,8.5,40,28,1.76,37.3,2.6,0.24,24,0.68,-0.4,-1596,2.92,0.36,18.7,32.3,2347,3,0.93,1.32
Atleta Esport,S14,IT,25,56.00%,1.28,1919,93,30:31:00,16.4,12.8,6.8,5.7,60,48,2.28,49.5,3.1,0.44,45.8,0.71,-0.1,591,4.88,0.64,58.3,34.1,2664,2.9,0.84,1.22
Austrian Force willhaben,S14,DE,26,53.80%,0.81,1851,-28,31:53:00,13.3,16.5,6.7,6,65.4,57.7,2.15,47.6,3.7,0.58,60,1,-0.1,50,5.04,0.85,56.9,33.4,2647,3.3,1.01,1.46
AXIZ CREST,S14,JP,22,36.40%,0.71,1791,-146,32:22:00,12.7,18,5,7.7,50,31.8,2.09,46.1,2.7,0.45,45.5,1.05,-0.3,-1933,3.36,0.59,45,33,2532,3.3,1.29,1.62
Axolotl,S14,IT,13,7.70%,0.38,1633,-522,27:00:00,8.1,21.3,2.5,9.5,30.8,23.1,1.31,29.4,1.5,0.08,7.7,0.92,-1.5,-4812,2.54,0.15,9.1,30.3,1973,2.6,0.64,0.95
Baby Buffaloes,S14,TR,18,44.40%,0.95,1821,-29,32:26:00,16.3,17.1,6.1,6.5,50,50,2.22,47.3,2.6,0.89,88.9,1.17,0,10,4.17,0.89,57.4,30.5,2418,2.4,0.62,1.05
Back2TheGame,S14,PL,30,56.70%,1.17,1860,31,33:49:00,15.1,12.9,6.8,6,46.7,56.7,2.47,50.1,3.4,0.4,40,0.8,0.2,561,4.87,0.77,50,33.5,2559,3.2,0.95,1.42
Bar√ßa eSports,S14,ES,46,54.30%,1.12,1886,26,31:45:00,17.1,15.2,6.8,5.9,60.9,56.5,2.52,53.5,2.6,0.54,54.3,1.15,0,-192,3.83,0.91,57.2,32.7,2735,3.3,1.17,1.32
BeFive,S14,RS,21,47.60%,0.9,1856,-1,31:00:00,15.4,17.1,6.3,6,61.9,38.1,2.57,56.6,3.8,0.43,45,0.95,0.1,-141,4.43,0.81,53.2,33.1,2743,2.6,0.77,1.2
Berlin International Gaming,S14,DE,18,44.40%,1.01,1792,-35,32:56:00,13.9,13.8,6,6.6,61.1,50,2.33,50.7,2.2,0.72,72.2,0.83,-0.3,-724,4.44,0.83,52.9,31.6,2614,3.7,1.2,1.46
Besiktas Esports,S14,TR,22,50.00%,0.93,1893,-25,32:04:00,14.9,15.9,6,6.6,50,45.5,2.41,53.4,2.7,0.41,40.9,1,0.2,352,4.82,0.68,39.6,34.7,2410,3,0.99,1.4
Bilibili Gaming,S14,CN,46,71.70%,1.41,1994,197,31:52:00,17.4,12.3,8.1,4.6,67.4,58.7,2.65,60.2,3.4,0.59,58.7,1,0,1590,7,1.11,73.7,34.9,2827,3.5,1.21,1.83
BK ROG Esports,S14,FR,52,61.50%,1.19,1931,125,32:11:00,15.9,13.3,7.5,4.9,55.8,73.1,2.62,58.9,2.9,0.48,48.1,1.02,0.4,990,4.79,0.85,56.9,35,2676,3.2,1.06,1.46
Blue Otter,S14,NA,35,51.40%,1.05,1859,28,31:57:00,15.8,14.9,6.1,5.8,42.9,51.4,2,47.1,3.3,0.54,54.3,0.89,0.1,-187,3.29,0.86,59.3,32.6,2532,3,0.84,1.31
BlueWhites,S14,EUW,14,14.30%,0.61,1711,-350,29:13:00,13.4,22,3.1,8.6,28.6,14.3,1.36,31.5,1.9,0.71,71.4,0.79,-0.8,-1909,2.29,0.36,19.2,29.6,2423,2.4,0.45,0.87
BoostGate Esports,S14,TR,33,51.50%,0.93,1839,-70,29:58:00,14.4,15.5,5.3,6.8,48.5,36.4,1.67,40.4,3,0.33,33.3,0.67,-0.4,-749,3.76,0.67,46.1,33.1,2384,2.7,0.87,1.32
BRO Challengers,S14,KR,45,40.00%,0.94,1789,-83,32:41:00,11.2,12,5.4,6.7,51.1,51.1,1.53,33.4,2.8,0.33,34.1,0.6,0,-557,3.11,0.71,46.2,33.9,2315,4,1.6,1.72
BRUTE,S14,CZ,21,47.60%,1.14,1811,-46,32:55:00,15,13.1,5.7,7,57.1,38.1,2.67,54,2.4,0.38,38.1,0.9,-0.4,-273,3.1,0.81,51.7,33.1,2622,3,0.87,1.23
Burning Core Toyama,S14,JP,20,20.00%,0.65,1730,-254,29:45:00,10.3,15.8,3.9,8.9,45,50,1.9,43.1,2.7,0.45,45,0.75,-0.3,-1256,3.85,0.4,23.7,32.5,2319,3.4,1.54,1.52
BWE Esports,S14,PT,14,28.60%,0.76,1777,-193,30:44:00,14.9,19.6,4.8,8.3,42.9,42.9,1.71,36.6,2.3,0.14,14.3,1.07,-0.4,-1413,3.57,0.5,30.8,31.1,2462,2.5,0.71,1.11
CCG Esports,S14,NA,22,31.80%,0.83,1794,-152,31:56:00,14.9,17.9,4.6,7.9,54.5,22.7,2.09,46.3,1.7,0.27,27.3,0.91,-0.3,-1304,2.77,0.59,34.1,32.8,2686,2.5,0.63,1.28
Cerberus Esports,S14,VN,30,26.70%,0.68,1776,-210,30:29:00,12.1,17.8,4.6,7.6,43.3,43.3,1.63,36.4,2.6,0.47,46.7,0.8,-0.2,-1415,3.9,0.5,29.2,33,2479,3.6,1.54,1.67
Cloud9,S14,NA,20,70.00%,1.22,1887,128,31:49:00,12.7,10.4,6.9,4.9,65,60,2.75,62.8,3.9,0.65,65,1.15,0,1241,5.25,0.8,64,35.5,2457,3.3,1.22,1.8
Comanchero Gaming,S14,TR,26,57.70%,1.2,1896,88,32:32:00,18.7,15.6,7.3,5.3,61.5,57.7,2.58,54.4,3.4,0.58,60,1.15,0.4,999,6.62,0.85,55.8,31.6,2590,3,1.12,1.25
Crvena zvezda Esports,S14,RS,30,63.30%,1.04,1882,139,31:17:00,13.7,13.2,7,4.7,50,66.7,2.37,56.4,2,0.47,48.3,1.1,0.1,1214,5.27,0.67,53.6,34,2605,2.9,0.76,1.23
CTBC Flying Oyster,S14,PCS,39,56.40%,1.18,1891,85,29:16:00,14,11.8,6.3,5.3,41,51.3,2.21,55.5,3.1,0.44,44.7,0.95,0.1,246,5.05,0.64,58.1,34.1,2798,3.5,1.16,1.53
Cyber Wolves,S14,RS,19,42.10%,0.83,1766,-95,29:48:00,12.7,15.4,4.7,6.6,42.1,47.4,1.84,47.5,3.1,0.37,36.8,0.68,-0.3,-934,3,0.53,38.9,32,2370,2.8,0.79,1.17
Dark Passage,S14,TR,47,53.20%,1.06,1934,83,33:00:00,15.7,14.9,7.3,5.7,48.9,63.8,2.3,50.3,3.1,0.66,66,0.83,0.2,802,5.32,1.02,57,35.1,2641,3.3,1.09,1.45
Deep Cross Gaming,S14,PCS,36,52.80%,0.96,1914,38,28:39:00,17,17.8,6.1,5.6,50,66.7,2.22,58.7,2.9,0.53,55.9,1.11,0.1,-26,5.31,0.61,49,32.2,3010,3.5,1.24,1.56
Detonation FocusMe,S14,JP,42,64.30%,1.28,1928,108,30:39:00,18,14.1,6.9,5.2,50,54.8,2.43,59.4,2.5,0.45,45.2,0.88,0.2,862,5,0.81,60.8,32.9,2865,3,1.23,1.69
devils.one,S14,PL,14,35.70%,0.82,1794,-111,33:30:00,13.7,16.8,5.3,7.4,35.7,35.7,2.57,50.4,2.9,0.36,35.7,1,-0.1,-968,3,0.64,35.7,32.9,2532,3.2,0.79,1.24
Diamant Esports,S14,RS,14,35.70%,0.8,1755,-158,31:04:00,13.4,16.7,5.4,7.4,28.6,42.9,2.07,46,1.6,0.21,21.4,1.14,-0.1,-836,3.5,0.57,33.3,31.3,2364,2.6,0.92,1.01
Dignitas,S14,NA,25,44.00%,0.82,1820,-77,32:37:00,12.3,14.9,5.5,7.1,28,56,2.12,47.6,2.2,0.32,32,0.8,0,-652,4.84,0.76,45.5,34.6,2443,3.4,0.98,1.72
Dire Wolves,S14,OCE,17,29.40%,0.83,1810,-227,28:30:00,16.4,19.6,3.8,8.1,47.1,35.3,2.12,55.2,1.4,0.29,29.4,1.12,-0.5,-1777,4.12,0.41,34.4,31.2,2605,2.9,0.83,1
Direct Rising eSports,S14,DE,18,33.30%,0.72,1898,-46,30:55:00,15.1,20.9,6.3,7.1,50,61.1,1.72,40.6,3.2,0.39,38.9,0.72,-0.1,-642,4.89,0.56,46.1,32.3,2820,2.7,0.83,1.12
Disguised,S14,NA,31,41.90%,1.02,1832,-17,32:36:00,15.1,14.8,5.9,6.2,54.8,54.8,2.45,52.9,2.7,0.55,54.8,1.1,0.1,-178,4.23,0.58,41.1,33,2534,3.3,1.05,1.42
DK Challengers,S14,KR,50,70.00%,1.56,1934,167,31:34:00,15.9,10.1,7,4.7,50,58,2.48,54.6,2.2,0.36,36.7,1.02,0.1,788,3.84,0.84,63.5,35.5,2735,3.3,1.15,1.74
DKB Diamonds,S14,DE,28,67.90%,1.19,1945,118,30:11:00,17.1,14.4,7.8,5.4,39.3,67.9,2.36,51.7,4.1,0.39,39.3,0.93,0.2,459,5,0.86,59.5,33.4,2811,2.8,0.92,1.21
DMG Esports,S14,EUW,21,47.60%,0.99,1843,-8,29:24:00,14.1,14.1,5.7,6.3,57.1,38.1,2.43,57.3,2.4,0.24,23.8,1.14,0,391,4.29,0.43,37.5,33.5,2718,2.6,0.66,1.13
Dplus KIA,S14,KR,49,65.30%,1.47,1908,144,33:19:00,15.5,10.6,7.1,5,61.2,49,2.45,53.9,2.3,0.49,49,0.9,-0.2,529,4.57,0.96,62.8,34.2,2606,3.8,1.48,1.83
Dragonsteel,S14,NA,23,87.00%,1.5,2015,281,31:48:00,19.3,12.9,8.6,3.7,69.6,69.6,2.91,65.3,2.9,0.65,65.2,1.26,0.3,1821,4.39,1.09,80.3,34.4,3139,3,0.96,1.54
DREN Esports,S14,IT,6,0.00%,0.4,1628,-475,29:16:00,8.8,22.2,2.7,10.2,-,16.7,1.5,38.3,1.7,0.33,33.3,1,-0.8,-3344,4.33,0,0,30,2027,2.6,0.76,1.02
DRX,S14,KR,40,25.00%,0.66,1732,-215,31:00:00,9.1,13.8,4.2,7.6,50,37.5,1.65,36.6,3.2,0.53,52.5,0.78,-0.2,-898,2.88,0.45,26.9,34.3,2183,3.8,1.4,1.76
DRX Challengers,S14,KR,42,35.70%,0.74,1822,-112,31:12:00,12.3,16.6,5.3,6.8,45.2,59.5,1.93,46.7,3,0.36,35.7,0.74,0.3,250,4.88,0.62,41.3,33.9,2658,3.5,1.42,1.68
Dsyre Esports,S14,IT,32,59.40%,1.27,1871,47,30:59:00,15.1,11.8,6.8,5.8,56.3,40.6,2.44,55.3,2.8,0.41,40.6,0.72,0,243,4.09,0.69,48.9,33.9,2584,3.3,1.12,1.49
Dynamo Eclot,S14,CZ,22,45.50%,0.75,1792,-72,32:01:00,12.9,17.2,6,6.5,40.9,45.5,2.18,51.9,3.4,0.55,57.1,1.05,0,-664,4.1,0.77,49.2,32.1,2624,3.3,1.21,1.25
Dynasty,S14,BE,14,50.00%,1.13,1877,48,31:10:00,16.9,15,5.7,5.9,71.4,57.1,2.43,55,2.9,0.43,42.9,1.36,0.2,922,3.5,0.71,50,32.4,2777,3.1,0.88,1.3
E WIE EINFACH E-SPORTS,S14,DE,18,33.30%,0.82,1817,-121,31:06:00,13.5,16.4,5.1,7.7,61.1,16.7,2.28,49.5,2.4,0.5,50,1.06,-0.5,-1316,4.06,0.72,41.7,32.9,2325,3,0.92,1.14
ECORP,S14,ES,22,59.10%,1.25,1869,49,32:50:00,16,12.8,6.8,6.1,36.4,40.9,2.14,45.8,3.5,0.5,50,0.82,-0.3,44,3.91,1.05,58.3,33.4,2449,3.4,1.14,1.31
Edward Gaming,S14,CN,31,41.90%,0.92,1851,-29,34:27:00,11.9,12.8,6.3,6.7,61.3,32.3,2.32,45.8,3,0.45,45.2,-,-,-748,-,0.94,50.3,34.8,2360,3.9,1.34,1.91
EGN Esports,S14,PT,26,65.40%,1.36,1934,150,30:12:00,17.7,13,7.5,4.8,73.1,53.8,2.15,48.5,4,0.65,65.4,0.81,0.2,1259,5.08,1.04,72,32,2674,2.8,0.85,1.07
Eintracht Frankfurt,S14,DE,18,33.30%,0.78,1800,-113,32:27:00,12.6,16.2,5,7.3,44.4,27.8,2,40.2,3.2,0.56,55.6,0.72,-0.2,102,4,0.44,33.3,33.7,2574,3.2,1.09,1.57
Eintracht Spandau,S14,DE,30,60.00%,0.93,1933,80,31:41:00,15.8,16.8,7.3,5.3,53.3,70,2.13,47.8,3.5,0.6,60,0.8,0.6,1167,6.57,0.87,51.7,33.9,2758,3.5,1.23,1.48
EKO Academy,S14,IT,20,50.00%,0.95,1873,-41,30:34:00,16.4,17.3,5.5,6.2,45,50,2,46.3,1.9,0.6,60,0.85,0,-172,3.85,0.75,44.2,32.5,2559,2.8,0.8,1.26
ENEMI3S,S14,IT,13,30.80%,0.95,1806,-97,30:48:00,13.3,14.1,5,7.5,46.2,30.8,1.92,43,3,0.46,50,0.83,-0.3,-453,4.08,0.69,45.5,32.7,2345,2.8,0.86,1.04
Entropiq,S14,CZ,32,78.10%,1.56,1979,233,30:17:00,16,10.2,8.2,3.9,37.5,71.9,2.28,56,3.6,0.63,64.5,0.61,0.4,1493,5.32,1.06,79.4,35.7,2536,3.1,0.92,1.39
EPIC-DUDES,S14,DE,21,38.10%,0.64,1817,-223,28:18:00,14.6,22.6,4.3,7.5,42.9,23.8,1.76,43.9,2.8,0.38,40,0.81,-0.5,-2388,2.86,0.62,39.5,31.3,2619,2.4,0.48,1
eSports Cologne GAMERS ONLY,S14,DE,18,38.90%,1.08,1791,-123,30:05:00,15.2,14.1,4.8,7.2,55.6,33.3,2.17,47.6,2.7,0.56,55.6,0.67,0.1,-20,4.83,0.28,21.9,32.1,2434,2.7,0.89,1.13
Esprit Shonen,S14,FR,18,38.90%,0.88,1818,-94,32:52:00,14.9,16.9,6.2,6.9,50,38.9,1.78,36.4,3.1,0.5,50,0.56,-0.2,-673,4.44,0.72,49,31.9,2792,2.7,0.68,1.19
Estral Esports,S14,LAT,33,51.50%,1.18,1902,49,32:51:00,17.7,14.9,6.8,6.3,60.6,66.7,2.15,49.5,2.8,0.64,63.6,0.82,0.2,634,4.58,0.94,62,32.9,2735,3.6,1.45,1.56
eSuba,S14,CZ,14,14.30%,0.63,1683,-278,33:01:00,10.9,17.2,3.5,8.4,42.9,28.6,1.64,32.3,2.1,0.29,28.6,0.64,-0.2,-1470,2.43,0.29,17.9,31.9,2377,2.8,0.83,1.13
Falke Esports,S14,ES,13,23.10%,0.7,1718,-235,35:01:00,14.7,21.1,4.5,8.6,38.5,46.2,2.08,43.5,2.2,0.54,53.8,0.92,0.1,-972,3.62,0.38,14.6,30.1,2743,2.9,0.92,1.03
FC Schalke 04 Evolution,S14,DE,38,57.90%,1.2,1866,37,31:54:00,16.5,13.8,6.1,5.9,44.7,63.2,2.76,63.6,2.4,0.32,32.4,1.13,-0.1,187,4.11,0.74,50.7,32.8,2772,3.4,0.84,1.4
Fear x Starforge,S14,NA,25,64.00%,1,1875,67,32:39:00,15.2,15.2,7.1,5.4,56,48,2.76,58.3,3,0.48,48,0.96,-0.1,222,3.76,0.72,54.2,33.5,2843,3.3,0.96,1.49
FearX,S14,KR,45,40.00%,0.88,1827,-64,31:03:00,11.6,13.3,5.2,6.6,37.8,40,1.69,39.3,3.8,0.58,57.8,0.58,-0.1,-779,4.2,0.64,43.9,34.7,2363,3.8,1.35,1.68
FearX Challengers,S14,KR,50,52.00%,1,1883,55,32:21:00,13.4,13.3,6.3,6,50,46,1.92,43.9,3.2,0.66,66,0.62,-0.1,308,4.34,0.8,56.7,34.9,2575,3.5,1.31,1.62
Flamengo Academy,S14,BR,13,30.80%,0.92,1778,-116,33:42:00,14.2,15.4,4.8,7.2,46.2,53.8,2.31,47.7,2.4,0.46,46.2,0.92,-0.1,-502,3,0.54,37.2,32.8,2335,3.8,1.49,1.57
Fluxo,S14,BR,27,40.70%,0.8,1762,-114,32:42:00,10.7,13.4,5.4,7.2,44.4,37,1.89,39.9,3,0.56,55.6,0.63,-0.3,-602,3.07,0.59,37,33.2,2296,3.5,1.33,1.66
Fluxo Academy,S14,BR,13,30.80%,0.67,1764,-156,30:44:00,10.8,16.1,4.3,7.3,30.8,30.8,1.46,32.7,2.2,0.38,38.5,0.69,-0.5,-1802,2.62,0.38,34.6,32.7,2130,3.4,1.14,1.5
FlyQuest,S14,NA,29,62.10%,1.35,1900,133,31:54:00,15.2,11.2,6.8,5.2,51.7,48.3,2.17,54.4,2.4,0.48,50,0.83,0.2,642,5.52,0.72,60.3,34.2,2526,3.5,1.04,1.44
FlyQuest Challengers,S14,NA,28,60.70%,1.27,1919,155,33:53:00,18.5,14.5,7.1,4.7,46.4,64.3,2.29,46.4,3,0.61,60.7,0.75,0.2,913,4.46,1.04,66.1,33.6,2916,3.2,0.89,1.49
Fnatic,S14,EUW,32,59.40%,1.2,1926,106,32:13:00,15.3,12.7,7.3,5.9,46.9,40.6,2.16,48.7,3.3,0.41,41.9,0.81,-0.1,358,5.22,0.88,57.3,34.9,2628,3.3,0.92,1.71
Forsaken,S14,PL,24,66.70%,1.39,2022,224,29:12:00,18.5,13.3,7.9,4.8,58.3,70.8,2.75,70.3,2.8,0.63,62.5,1.21,0.7,2101,6.92,0.88,73.2,34,3056,3,0.91,1.29
Fox Gaming,S14,AL,14,42.90%,0.76,1807,-146,31:42:00,14.7,19.4,5.5,7.2,50,42.9,2.07,47.7,3.1,0.64,64.3,0.71,-0.2,-968,3.29,0.71,36.9,32.1,2423,2.6,0.9,1.2
Frank Esports,S14,PCS,49,65.30%,1.35,1898,130,31:41:00,14.4,10.6,6.9,4.6,69.4,65.3,2.51,57.2,2.8,0.59,61.7,0.96,0.4,1413,4.49,0.84,60.9,34.4,2782,3.7,1.21,1.77
Funplus Phoenix,S14,CN,42,40.50%,0.85,1848,-98,32:57:00,14.3,16.7,5.8,7.3,57.1,38.1,1.86,39.7,2.9,0.67,66.7,-,-,-458,-,0.64,39,33.4,2514,3.7,1.18,1.83
FURIA Academy,S14,BR,27,63.00%,1.06,1928,137,32:59:00,15.1,14.3,7.9,4.6,70.4,66.7,2.59,55.8,3.2,0.56,55.6,0.89,0.5,879,4.44,0.89,62.3,35.1,2727,3.7,1.49,1.71
FURIA Esports,S14,BR,35,51.40%,1.13,1824,43,32:31:00,13.7,12.1,6.3,5.6,65.7,51.4,2.23,51.6,2.7,0.46,45.7,0.8,0.1,846,4.23,0.89,58.6,33,2723,3.5,1.27,1.67
FURY Global,S14,OCE,16,37.50%,0.77,1893,-53,27:01:00,16.3,21,5.4,6.1,37.5,37.5,1.44,47,2.4,0.38,40,0.94,-0.1,-1116,5.81,0.56,46.4,31.2,2717,2.9,0.98,0.93
FUT Esports,S14,TR,29,51.70%,1.06,1851,28,31:58:00,13.8,13,6.2,5.7,58.6,58.6,2.14,48.2,3,0.66,65.5,0.9,-0.2,23,3.9,0.9,60.1,33.9,2545,3.4,1.14,1.54
G2 Esports,S14,EUW,43,67.40%,1.09,1938,120,33:37:00,16.1,14.8,8.2,5,48.8,69.8,2.49,55.1,2.4,0.53,53.5,0.74,0.3,415,5.72,1.12,68.6,34,2858,3.6,1.11,1.6
Galakticos,S14,TR,14,0.00%,0.43,1640,-435,28:58:00,8.1,18.6,2,9.9,21.4,21.4,1.36,35.7,1.6,0.29,28.6,0.71,-0.5,-2136,2.64,0,0,31.3,1995,2.9,0.85,1.18
GAM Esports,S14,VN,39,74.40%,1.35,1978,152,33:08:00,18.5,13.7,7.5,5.1,56.4,46.2,2.79,56,2.7,0.46,46.2,0.95,-0.1,127,4.46,1.03,66,35.2,2945,4,1.34,1.83
Gamespace Mediterranean College Esports,S14,GR,20,40.00%,0.94,1826,-89,32:41:00,17.3,18.4,5.2,7,60,20,2.2,47.7,2.4,0.65,65,0.95,-0.5,-769,3.25,0.65,44.7,31.9,2772,3.1,1.1,1.38
GameWard,S14,FR,27,44.40%,0.78,1816,-85,31:14:00,13,16.7,5.5,6.7,59.3,44.4,2.04,45.1,3,0.56,55.6,0.85,0.1,-564,4.63,0.74,48.8,32.5,2327,3.2,1.22,1.38
Geekay Esports,S14,AL,31,77.40%,1.46,2009,222,30:57:00,20.7,14.2,8,4.4,51.6,74.2,2.65,62.3,2.6,0.58,58.1,1.03,0.6,1899,5.48,0.84,60.6,33.9,2863,3.5,1.29,1.46
Gen.G Challengers,S14,KR,46,37.00%,0.71,1821,-121,31:41:00,12.1,16.9,5.5,6.6,45.7,43.5,2.07,47.3,3.1,0.39,39.1,0.89,-0.2,-1095,4.61,0.54,36.7,34.4,2672,3.5,1.26,1.78
Gen.G eSports,S14,KR,40,87.50%,1.6,2023,305,30:24:00,15.3,9.6,8.7,3.4,45,70,2.88,68.5,3.3,0.5,50,1.03,0.6,1826,5.95,0.98,74.8,36.3,2941,3.6,1.25,1.72
Gentle Mates,S14,FR,18,22.20%,0.82,1815,-114,30:57:00,12.2,14.9,4.8,8.1,66.7,38.9,1.39,29.9,3.1,0.5,50,0.61,-0.1,201,4.56,0.5,29.2,33.2,2459,3.3,1.17,1.47
GIANTX,S14,EUW,21,33.30%,0.89,1739,-152,33:20:00,11,12.4,4.9,8,52.4,23.8,2.43,50.4,3.1,0.24,23.8,1.14,-0.7,-1798,2.52,0.81,45.8,32.6,2231,3.7,1.27,1.82
GIANTX Pride,S14,ES,25,44.00%,1.09,1834,26,31:49:00,12.9,11.9,6,6.3,60,52,2.24,51,2.4,0.6,60,1.12,0,363,4.6,0.76,46,33.1,2370,3.3,1.16,1.49
GLORE,S14,CZ,14,42.90%,0.91,1829,-78,33:01:00,15.2,16.6,5.6,7.4,35.7,42.9,2.21,47,2.2,0.43,42.9,0.93,0.1,-476,3.14,0.64,36.9,33.2,2606,3,0.99,1.44
GnG Amazigh,S14,AL,14,57.10%,1.21,1906,24,31:26:00,19.5,16.1,6.9,6.1,57.1,42.9,2.64,54.3,1.7,0.14,14.3,1.07,0.1,-726,3.57,0.93,54.2,31.1,2764,2.9,0.79,1.29
Ground Zero Gaming,S14,OCE,34,79.40%,1.42,2084,334,27:17:00,19.9,13.9,8,2.9,50,79.4,1.44,40.4,4.2,0.59,60.6,0.5,1,2474,7.44,0.85,80,34.5,3175,2.6,0.8,1.37
GRP Esports,S14,PL,19,42.10%,0.86,1832,-114,29:45:00,14.1,16.2,5.3,6.8,47.4,42.1,1.95,47.6,3.3,0.37,36.8,1,-0.2,-710,3.47,0.53,38.9,33.3,2582,2.9,0.9,1.35
GTZ Esports,S14,PT,35,60.00%,1.1,1908,61,31:41:00,16.7,15.2,6.9,5.8,48.6,65.7,2.29,48.5,3.2,0.66,65.7,0.77,0.4,539,5.34,0.71,47.1,33.9,2457,3.1,0.91,1.3
Guasones,S14,ES,18,38.90%,0.81,1781,-103,31:01:00,12.7,15.7,5.5,6.9,44.4,44.4,2.06,46.8,3.1,0.56,55.6,1,-0.2,-223,3.56,0.56,38.9,31.5,2418,3.3,1.04,1.44
Hallow Crows,S14,TR,16,6.30%,0.44,1628,-454,27:02:00,8.5,19.1,1.9,9.1,37.5,6.3,1.13,30.2,1.4,0.31,31.3,0.63,-1,-3601,1.81,0.13,13.3,30.9,1818,2.4,0.83,1.05
Hanwha Life eSports,S14,KR,41,73.20%,1.44,1940,198,30:37:00,13.8,9.5,7.4,4.2,63.4,73.2,2.51,62.3,3,0.71,70.7,0.83,0.1,1332,4.59,0.93,72.6,36.1,2554,3.7,1.26,1.83
HELL PIGS,S14,PCS,18,11.10%,0.49,1673,-370,28:07:00,9.5,19.5,2.3,8.4,33.3,27.8,1.28,34.3,1.8,0.28,27.8,0.56,-0.6,-2699,2.56,0.17,17.9,32,2550,3,1.1,1.48
Hell Zerolag Esports,S14,GR,14,35.70%,0.78,1844,-141,30:01:00,16.7,21.5,5.4,6.9,21.4,50,1.5,40,2.9,0.71,71.4,0.71,-0.4,-1572,3.43,0.5,35.7,31.4,2743,3,0.67,1.12
Heracles Gaming,S14,ES,14,42.90%,0.83,1811,-69,33:24:00,15.3,18.4,5.6,7.3,42.9,57.1,1.86,39.1,2.7,0.64,69.2,0.93,0.1,15,4.71,0.93,45.8,31.3,2525,2.9,1.04,1.32
Heretics Academy,S14,ES,43,69.80%,1.42,1957,206,29:58:00,16.8,11.8,7.5,4.1,60.5,62.8,2.47,60.8,3.6,0.51,51.2,0.84,0.3,1190,5.16,0.86,67.1,34.4,2654,3,0.9,1.4
HLE Challengers,S14,KR,51,49.00%,0.96,1818,-52,33:27:00,12.3,12.9,5.7,6.6,60.8,41.2,2.25,48.1,2.9,0.61,60.8,0.76,-0.2,-329,3.45,0.82,46.9,34.4,2540,3.4,1.34,1.55
Hurricane of Feathers,S14,PT,21,42.90%,0.71,1807,-75,29:31:00,12.4,17.5,5.6,6.3,33.3,52.4,1.95,45.3,3.1,0.29,28.6,0.86,0,-1098,4.81,0.67,47.5,31.8,2369,2.8,0.77,1.1
Ici Japon Corp. Esport,S14,FR,26,80.80%,1.34,1990,221,30:26:00,18.2,13.5,8.7,4.1,50,69.2,2.23,52.1,3.3,0.38,40,0.85,0.4,559,5.38,1.04,79.5,33.2,2901,3,0.97,1.39
Ilha das Lendas,S14,BR,26,53.80%,1.01,1891,36,32:32:00,16.6,16.3,6.5,5.7,50,46.2,2.5,51,2.5,0.5,50,1,0,815,4.31,1,59.7,33.8,2666,3.7,1.28,1.56
Immortals,S14,NA,15,20.00%,0.58,1722,-192,33:06:00,8.7,14.9,4.2,7.4,40,33.3,2,41.1,2.7,0.67,66.7,0.6,-0.1,-868,3.6,0.8,35,34.2,2333,3.5,1.28,1.76
Infinity eSports,S14,LAT,40,52.50%,0.86,1902,15,31:19:00,15.1,17.6,6.5,5.9,35,50,2.15,49.1,2.6,0.38,37.5,0.93,0.2,-56,5.38,0.5,40.8,34.3,2610,3.1,1.01,1.63
INTZ Academy,S14,BR,13,7.70%,0.39,1609,-455,28:04:00,7,18,2.3,9.5,38.5,15.4,0.85,20.1,2.2,0.46,46.2,0.54,-1.1,-3542,2.77,0.15,6.1,30.7,1939,2.8,1.11,1.35
INTZ e-Sports,S14,BR,18,44.40%,0.78,1781,-99,30:10:00,11.9,15.3,5.5,6.8,44.4,44.4,1.94,44.5,2.3,0.56,58.8,1,-0.2,-1116,4.11,0.61,41.7,32.9,2311,3.4,1.32,1.59
Invictus Gaming,S14,CN,40,42.50%,0.88,1834,-97,31:52:00,13.4,15.3,5.1,7.1,55,25,2.4,52.8,2.2,0.45,45,-,-,-873,-,0.73,45.3,33.4,2445,3.5,1.36,1.77
ION Global Esports,S14,OCE,21,47.60%,0.96,1870,-88,27:34:00,17.8,18.5,5.2,6.3,38.1,28.6,2,60.6,2.9,0.33,33.3,0.86,-0.5,-1275,3.76,0.62,55.6,31.3,2865,2.6,0.82,1.03
Iron Wolves,S14,PL,14,7.10%,0.34,1638,-532,25:48:00,7.6,22.1,1.9,9.7,42.9,21.4,0.86,28.5,2.4,0.07,7.7,0.5,-0.9,-4158,3.21,0.07,3.8,31.4,2075,2.4,0.64,0.96
Isurus,S14,LAT,33,57.60%,1.2,1909,54,32:00:00,17.2,14.3,6.7,5.9,45.5,39.4,2.33,51.9,3,0.48,48.5,0.88,-0.4,-323,3.33,0.79,54.5,33.9,2650,3.5,1.26,1.59
IZI Dream,S14,FR,32,56.30%,1.17,1947,96,31:51:00,19.4,16.6,7.2,5.6,46.9,59.4,2.91,65.5,1.9,0.25,25.8,1.25,0.3,811,5.06,0.78,51,33.6,2869,2.9,0.81,1.35
J Team,S14,PCS,28,35.70%,0.83,1761,-165,30:09:00,11.9,14.4,4.9,6.8,53.6,28.6,2.14,49.4,2.3,0.71,74.1,1,-0.4,-1227,3.29,0.5,38.5,32.6,2535,3.5,1.39,1.43
JD Gaming,S14,CN,38,63.20%,1.19,1930,93,32:10:00,14.9,12.5,6.9,5.7,50,63.2,2.39,56.1,3.5,0.55,55.3,-,-,1136,-,0.79,56.2,35.3,2618,4,1.22,1.87
Joblife,S14,FR,24,66.70%,1.22,1922,102,31:40:00,19.7,16,7.4,5.3,66.7,66.7,2.33,53.4,2.5,0.54,54.2,0.88,0.3,525,5.83,0.71,53,31.5,2771,3.5,1.17,1.27
KaBuM! Academy,S14,BR,23,43.50%,0.97,1821,-63,33:44:00,14,14.4,5.7,6.7,52.2,56.5,2.39,48.6,2.9,0.48,47.8,0.87,0,-122,3.61,0.91,44.9,33.4,2282,3.8,1.37,1.58
KaBuM! e-Sports,S14,BR,19,47.40%,1.01,1807,-16,32:16:00,12.7,12.6,5.9,6.2,36.8,36.8,2.32,50.6,2.8,0.37,36.8,1,-0.3,-495,3.68,0.95,61.1,33.4,2385,3.4,1.24,1.51
Kanga Esports,S14,OCE,14,0.00%,0.4,1627,-525,25:12:00,9.4,23.6,1.4,9.1,21.4,28.6,0.5,21,1.1,0.29,28.6,0.21,-1.1,-4075,3.29,0,0,29.5,2171,2.3,0.81,0.92
Karmine Corp,S14,EUW,21,47.60%,0.92,1782,-81,33:38:00,11.3,12.2,5.2,7.4,42.9,42.9,1.95,40.8,2.3,0.38,38.1,0.76,0,-630,3.62,0.48,31.7,33.7,2195,3.8,1.3,1.73
Karmine Corp Blue,S14,FR,38,73.70%,1.33,1958,174,31:01:00,17.8,13.4,7.8,4.3,47.4,73.7,2.74,60.5,2.8,0.66,65.8,1.08,0.4,1273,5.13,0.95,66.2,33.6,2952,3.5,1.28,1.62
KATANA,S14,TR,21,47.60%,1.05,1878,53,32:12:00,16.4,15.6,5.7,5.9,42.9,61.9,2.67,61.4,2.3,0.43,45,1.1,0.3,565,3.57,0.62,47.2,34,2571,2.4,0.69,1.09
Kaufland Hangry Knights,S14,DE,28,67.90%,1.33,2001,201,30:25:00,20,15.1,8.1,4.6,42.9,67.9,2.68,61.1,3,0.79,78.6,1.11,0.2,1364,6.39,0.82,64.8,33.7,2939,3,0.94,1.13
KDF Challengers,S14,KR,52,48.10%,0.94,1882,33,31:25:00,13.3,14,6.2,5.8,44.2,44.2,2.27,54.7,3.1,0.69,69.2,0.83,0.2,208,4.94,0.77,53.9,34.7,2565,3.5,1.34,1.69
Keypulse Esports,S14,PT,14,35.70%,0.75,1774,-134,31:31:00,12.9,17.1,4.2,7.4,42.9,28.6,2,42.6,2.8,0.57,57.1,1.14,-0.1,-230,3.29,0.36,30.8,32,2392,2.8,0.82,1.18
Klanik Esport,S14,FR,18,33.30%,0.76,1777,-144,32:04:00,14.8,19.4,4.9,7.6,44.4,22.2,2.17,47.2,2.2,0.5,52.9,0.78,-0.3,-618,3.28,0.83,50,30.9,2423,3,0.92,1.25
KRC Genk Esports,S14,BE,14,0.00%,0.26,1523,-653,23:19,5.4,20.7,0.7,9.2,42.9,21.4,0.71,23.8,1,0.21,21.4,0.5,-1,-4968,1.93,0,0,28.8,1702,2.3,0.68,0.89
KT Challengers,S14,KR,48,77.10%,1.58,1981,225,27:43:00,17.3,10.9,7.6,3.9,60.4,64.6,2.44,69,3.3,0.71,70.8,1.15,0.3,1244,5.25,0.69,65.9,34.2,2920,3.5,1.29,1.58
KT Rolster,S14,KR,48,45.80%,1.05,1812,-38,31:48:00,12.6,12,5.6,5.9,56.3,56.3,2.4,54,3.2,0.54,54.2,1.02,0.3,241,4.46,0.6,45.2,33.8,2440,3.6,1.5,1.73
Kwangdong Freecs,S14,KR,44,47.70%,0.81,1837,-51,31:08:00,10.3,12.8,5.7,6.1,31.8,43.2,2.57,57.6,2.5,0.43,43.2,0.91,-0.2,-997,3.48,0.55,41.5,36.1,2411,3.2,1.06,1.71
Leviatan,S14,LAT,20,40.00%,0.87,1818,-135,30:58:00,15.3,17.6,5.4,7,50,30,1.6,34.8,3.7,0.55,55,0.55,-0.4,-1212,3,0.65,42.5,32.3,2691,3.2,1.22,1.46
LGD Gaming,S14,CN,42,38.10%,0.81,1821,-83,33:08:00,12.4,15.4,5.3,6.8,31,28.6,2.26,49.1,3.5,0.43,42.9,-,-,-1013,-,0.6,36.2,34.4,2451,3.5,1.24,1.77
Liberty,S14,BR,18,16.70%,0.5,1706,-289,29:41:00,9.7,19.4,3.8,8.4,44.4,33.3,1.39,36.7,2.8,0.28,27.8,0.61,0.1,-1397,3.17,0.5,30.6,32,2265,3,1.01,1.44
Liberty Academy,S14,BR,18,33.30%,0.62,1737,-200,30:30:00,11.2,18.1,4.3,7.7,44.4,38.9,1.61,41.6,3,0.5,50,0.83,-0.3,-1000,3.94,0.33,23.5,32.1,2205,3,0.86,1.34
Lille Esport,S14,FR,18,33.30%,0.82,1784,-122,30:40:00,14.7,17.8,4.9,7.4,44.4,33.3,1.61,39.4,2.3,0.56,55.6,0.67,-0.3,-317,3.72,0.67,38.9,30.4,2618,3,1.11,1.18
LNG Esports,S14,CN,44,54.50%,1.12,1868,41,32:47:00,12.9,11.5,6.5,5.8,54.5,52.3,2.43,54.3,2.2,0.52,52.3,-,-,225,-,0.84,59.3,34.6,2462,3.5,1.2,1.75
Los Grandes,S14,BR,18,11.10%,0.72,1736,-181,33:04:00,10.6,14.7,4.4,8.9,55.6,44.4,1.89,40.6,2.6,0.56,55.6,0.78,-0.1,-109,4.17,0.33,24.5,33.1,1996,3.8,1.31,1.33
Los Grandes Academy,S14,BR,13,30.80%,0.78,1801,-95,32:04:00,12,15.4,5.2,7.4,53.8,53.8,2.31,48.1,2.8,0.23,23.1,0.62,0.3,233,4.69,0.38,41.7,33.5,2235,3.1,1.13,1.48
LOUD,S14,BR,34,47.10%,0.85,1815,-34,32:40:00,14.1,16.6,5.9,6.1,26.5,52.9,2.15,47.2,2.6,0.59,60.6,0.85,0.1,-564,4.21,0.53,38,32.7,2680,3.7,1.32,1.62
LOUD Academy,S14,BR,18,33.30%,0.88,1775,-128,33:29:00,13.1,14.9,5.1,7.7,44.4,33.3,2.61,54.3,2.9,0.61,61.1,1.11,0.1,-333,3.94,0.72,44.1,32.7,2294,3.4,1.23,1.59
LUA Gaming,S14,ES,18,38.90%,0.75,1787,-117,33:17:00,13.7,18.3,5,7.3,38.9,50,2.28,47.4,2.8,0.33,33.3,0.83,-0.2,-1219,3.72,0.83,46.3,31.2,2780,3.2,0.92,1.53
Lundqvist Lightside,S14,EUW,14,50.00%,1.17,1843,-40,32:12:00,18.1,15.5,6.4,6.3,21.4,42.9,2.5,51.4,3.1,0.5,50,0.64,0.1,-811,3.57,0.57,39.3,32.3,2761,2.8,0.75,1.21
Lupus Esports,S14,RS,14,35.70%,0.82,1782,-130,29:20:00,14,17.1,5.2,7.1,42.9,28.6,1.5,36.3,3.2,0.86,85.7,0.71,-0.2,-1301,3.79,0.43,35.7,30.4,2192,2.6,0.95,1.01
Lynch Esports,S14,TR,21,57.10%,0.98,1929,57,30:21:00,18.9,19.2,6.6,5.7,28.6,57.1,2.24,53.6,2.5,0.24,25,0.81,0,-31,5.14,0.76,47.6,32.6,2972,2.5,0.6,0.95
Macko Esports,S14,IT,44,70.50%,1.18,1974,198,30:10:00,16.5,14,8.1,4.3,50,61.4,2.36,60.4,4,0.7,70.5,1.09,0.5,805,6.09,1,75.8,33.7,2981,3.3,0.97,1.39
MAD Lions KOI,S14,EUW,26,38.50%,0.92,1832,-62,33:41:00,14,15.2,6.3,6.8,50,42.3,2.5,55.4,2.4,0.62,66.7,0.84,0.2,425,4.56,0.62,37.2,33.6,2387,3.4,1.23,1.74
MAMMOTH,S14,OCE,14,21.40%,0.61,1778,-352,26:10:00,14.7,24,3.9,8.1,50,35.7,1.43,36.9,2.8,0.36,38.5,0.71,-1,-1697,5.5,0.21,25,29.2,2517,2.3,0.71,0.84
MattyUSA LODIS,S14,PL,14,28.60%,0.85,1773,-137,29:39:00,12.1,14.1,4.7,7.4,71.4,42.9,1.64,43.1,1.4,0.21,23.1,1.14,-0.6,-1396,2.71,0.57,46.4,31.7,2443,2.9,0.85,1.15
mCon esports,S14,BE,36,58.30%,1.17,1900,102,30:55:00,15.8,13.4,6.9,5.2,38.9,61.1,2.36,59.3,3.4,0.53,52.8,1.08,0.3,877,4.94,0.69,54.2,32.8,2758,3.4,1.07,1.33
MGN Blue Esports,S14,VN,29,37.90%,0.83,1879,-88,29:05:00,14.9,18,5.4,6.8,55.2,41.4,2.03,49.8,2.8,0.62,62.1,0.79,-0.4,-652,4.38,0.62,40.7,33.7,2825,3.7,1.31,1.62
MHSC Esport,S14,FR,28,64.30%,1.32,1885,79,33:08:00,18.6,14,6.9,6.3,60.7,53.6,2.93,58.7,3.1,0.57,57.1,1.14,0,570,4.57,0.86,54.3,32.5,2749,3.4,1.16,1.3
Misa Esports,S14,TR,33,57.60%,1.21,1874,39,34:15:00,17.9,14.8,6.8,6.1,39.4,45.5,2.39,48.8,2.8,0.42,42.4,0.7,-0.1,-206,4.36,1.09,57.6,32.7,2515,3,0.98,1.37
MOUZ NXT,S14,DE,18,22.20%,0.61,1727,-264,29:11:00,12.4,20.2,4.2,8.1,27.8,27.8,1.72,40.8,2.7,0.28,27.8,1.17,-0.2,-2091,3.72,0.33,27.8,30.7,2387,2.6,0.8,1.28
Movistar KOI,S14,ES,33,60.60%,1.18,1846,46,30:58:00,14.4,12.2,6.5,5.8,48.5,36.4,2.36,55.7,2.8,0.39,39.4,1,-0.1,143,4.21,0.82,54.4,33.4,2613,3,0.95,1.26
Movistar R7,S14,LAT,32,71.90%,1.31,1960,174,30:48:00,17.4,13.3,7.5,4.6,62.5,71.9,2.66,67.7,3.6,0.59,59.4,0.88,0.5,1584,5.81,0.81,68.3,34.5,2983,3.5,1.2,1.62
Myth Esports,S14,BE,23,60.90%,1.12,1886,102,30:03:00,13.7,12.2,6.5,5.2,65.2,52.2,2.48,61.1,3.5,0.7,69.6,1.04,0,687,3.96,0.83,64.3,33.8,2421,3,1.06,1.43
NASR eSports Turkey,S14,TR,14,28.60%,0.76,1797,-138,31:42:00,12.4,16.3,5.1,7.8,50,42.9,2.07,46.8,1.9,0.5,50,0.93,0.1,-460,4,0.64,35.7,33.1,2193,3.6,1.16,1.25
Nativz,S14,EUW,14,28.60%,0.79,1834,-96,29:51:00,14.3,18,4.8,7.2,64.3,64.3,2.29,53.7,3.3,0.43,42.9,0.93,0.4,184,4.36,0.64,42.9,32.3,2432,2.8,0.49,1
Nigma Galaxy Male,S14,AL,29,55.20%,0.97,1930,62,29:36:00,17.1,17.6,6.4,5.6,44.8,51.7,2.1,50.1,2.9,0.48,48.3,1,-0.3,-484,5.38,0.69,50.4,33.5,2820,2.8,0.9,1.3
Ninjas in Pyjamas,S14,CN,54,46.30%,0.98,1850,-28,31:59:00,13.6,13.9,6.2,6.2,51.9,40.7,2.13,48.6,2.6,0.44,44.4,-,-,314,-,0.63,44,34,2765,3.7,1.17,1.7
NNO Prime,S14,DE,46,52.20%,0.99,1904,38,32:43:00,16.6,16.7,6.9,6.5,54.3,60.9,1.96,43.4,3.3,0.65,65.2,0.57,0.2,730,5.61,1.09,60.2,33.2,2794,3.1,0.93,1.44
NONAME,S14,TR,32,68.80%,1.18,1966,146,32:56:00,20.6,17.3,7.7,5.3,46.9,78.1,2.69,57.4,3.5,0.44,43.8,0.97,0.3,1171,4.56,1.09,63.8,32.7,2747,2.6,0.78,1.11
Nongshim RedForce,S14,KR,40,32.50%,0.67,1767,-181,31:25:00,10.3,15.2,4.7,7.4,42.5,27.5,1.7,38.2,2.5,0.28,27.5,0.68,-0.3,-1387,3.4,0.58,37.5,33.9,2341,3.5,1.37,1.56
Nord Esports,S14,EUW,31,58.10%,1.04,1886,33,31:44:00,16.1,15.4,7.1,5.9,54.8,61.3,2.1,48.5,3.4,0.58,58.1,0.77,0,-150,4.35,0.84,51.4,33,2719,3.3,0.95,1.15
NRG,S14,NA,24,33.30%,0.77,1758,-153,33:29:00,12.5,16.2,4.8,7.4,45.8,37.5,2.04,41,3.4,0.42,43.5,0.75,-0.3,-844,4.58,0.54,29.9,32.8,2471,3.6,1.15,1.46
NS Challengers,S14,KR,43,39.50%,0.84,1802,-100,31:47:00,11.4,13.4,5.5,7,34.9,41.9,2.3,49,2.8,0.3,30.2,0.79,-0.3,-1019,3.67,0.63,39.3,33.9,2421,3.3,1.19,1.76
Odivelas Sports Club,S14,PT,14,35.70%,0.84,1749,-159,30:52:00,13.8,16.4,5,6.8,57.1,35.7,2.5,56.5,2.4,0.36,35.7,0.93,-0.4,-1509,2.86,0.57,42.9,30.9,2254,2.6,0.63,1.09
OGC Esports,S14,CZ,14,21.40%,0.78,1805,-151,33:38:00,14.4,18.4,5.1,8.1,57.1,50,1.71,34.6,2.3,0.5,50,0.64,-0.1,-557,3.5,0.5,31,32.3,2443,2.8,0.76,1.24
OK BRION,S14,KR,41,19.50%,0.63,1730,-241,31:07:00,9.7,15.5,3.4,8.2,58.5,26.8,1.37,31.4,2.5,0.46,46.3,0.78,-0.5,-1286,3.07,0.39,31.1,33.7,2235,3.5,1.5,1.68
OMG,S14,CN,34,41.20%,0.82,1819,-95,31:46:00,12.6,15.3,5.3,6.9,41.2,32.4,1.82,40.4,2.9,0.32,32.4,-,-,-492,-,0.65,44.9,34.1,2408,3.8,1.39,1.74
Once Upon A Team,S14,BE,14,21.40%,0.58,1707,-296,27:24:00,9.4,16.3,3.4,8.4,50,21.4,0.71,17.2,1.1,0.29,28.6,0.43,-0.6,-1842,2.29,0.21,19.2,32.2,2079,2.5,0.68,1.01
One More Esports,S14,AL,14,14.30%,0.54,1736,-348,29:34:00,13,24.1,3.2,9.1,35.7,14.3,1.21,24.8,2.1,0.21,21.4,0.5,-0.6,-2232,3.93,0.29,17.9,31,2550,2.7,0.7,1.03
Only Heroes Academia,S14,TR,24,54.20%,1.09,1910,77,32:06:00,17.5,16,6.8,5.6,62.5,45.8,1.63,37.4,4,0.58,58.3,0.42,0,395,4.67,0.96,59.8,32.9,2661,2.6,0.86,1.02
Orbit Anonymo,S14,PL,14,28.60%,0.68,1756,-175,30:52:00,10.6,15.7,4.7,8.2,50,35.7,1.43,31.2,2.4,0.5,50,0.5,-0.1,-1332,3.71,0.21,17.9,33.1,2243,3.1,0.85,1.33
Oxygen Gaming,S14,ES,14,28.60%,0.78,1816,-87,33:30:00,14.7,18.9,5.9,6.9,57.1,64.3,1.93,39.7,3.3,0.29,30.8,0.36,0.4,1011,5.64,0.43,30.8,33.6,2516,2.7,0.86,1.31
paiN Academy,S14,BR,26,80.80%,1.95,2017,321,30:01:00,20.1,10.3,8.1,3.3,50,61.5,2.69,68.1,3.2,0.62,61.5,1.19,0.3,1937,4.38,0.81,79.5,34.1,2853,3.4,1.3,1.68
paiN Gaming,S14,BR,25,80.00%,1.67,1920,198,30:20:00,17.4,10.4,7.3,4.3,76,84,2.84,64.8,2.6,0.48,48,1.04,0.4,1566,5.16,1,81.9,33.3,2708,3.7,1.24,1.51
Papara SuperMassive,S14,TR,41,63.40%,1.12,1952,132,31:01:00,16,14.2,7.1,5,48.8,48.8,2.17,53.4,4.2,0.63,63.4,0.68,0.2,966,4.61,0.88,61.3,35.2,2688,3.6,1.1,1.39
Parakeet Gaming,S14,CZ,14,42.90%,0.88,1856,-25,30:19:00,13.3,15.1,6.5,6.6,57.1,28.6,1.86,46.3,2.8,0.29,28.6,0.86,-0.5,-805,3.43,0.64,46.4,33.7,2242,2.7,0.7,1.22
Partizan Esports,S14,RS,33,60.60%,1.52,1859,112,31:09:00,15.7,10.3,6.5,5.1,60.6,45.5,2.18,49.3,2.9,0.61,60.6,0.88,-0.1,144,3.24,0.94,68.2,32.5,2472,2.5,0.86,1.28
PCIFIC Espor,S14,TR,16,25.00%,0.77,1719,-220,32:58:00,12.9,16.6,3.9,8.6,50,31.3,1.81,37.1,2.3,0.38,37.5,0.81,-0.3,-1598,2.81,0.56,30.2,31.7,2039,2.8,0.88,1.08
Phoenix Esports,S14,TR,28,78.60%,1.41,1977,237,32:55:00,18.3,13,8.6,4.4,57.1,53.6,3.07,62.8,3,0.68,67.9,1.07,0,1217,4.86,1.14,70.2,33.8,2781,2.8,0.87,1.23
PRINCIPALITY,S14,ES,14,21.40%,0.62,1709,-260,30:07:00,11.7,18.9,3.8,8.3,50,28.6,2.57,60.6,0.9,0.21,21.4,1.43,-0.4,-816,3.64,0.57,36.9,30.6,2422,2.6,0.86,1.14
Project Conquerors,S14,FR,21,38.10%,0.86,1842,-108,31:21:00,17.7,20.6,5,7.5,42.9,38.1,2.38,51.7,2.1,0.48,50,1.1,-0.4,-369,4.67,0.67,34.1,30.6,2662,2.9,0.92,1.3
PSG Talon,S14,PCS,28,89.30%,2.22,2074,390,28:23:00,18,8.1,8.9,2.4,64.3,78.6,2.04,53,4.4,0.54,55.6,0.61,0.7,3101,5.82,0.82,78.8,36.2,2942,3.6,1.16,1.81
RA AD,S14,AL,14,0.00%,0.46,1669,-455,26:26:00,9.6,20.8,1.9,10.1,50,35.7,1.07,35.1,1.4,0.29,28.6,0.86,-0.6,-2507,2.64,0.07,4.2,30.5,1881,2.5,0.79,0.96
Ramboot Club,S14,ES,40,57.50%,1.09,1884,58,31:45:00,15.1,13.8,6.9,5.7,45,45,2.3,50.3,3.6,0.6,60,0.95,0.1,195,6.3,0.8,56.8,33.7,2481,3.5,1.32,1.63
Rare Atom,S14,CN,33,48.50%,1.04,1829,-53,32:52:00,13.8,13.3,5.5,6.3,54.5,27.3,2.36,50.1,2.4,0.48,48.5,-,-,-871,-,0.67,42.7,34.1,2431,3.6,1.3,1.59
Rebels Gaming,S14,ES,18,11.10%,0.47,1652,-341,32:05:00,8.2,17.6,3.2,9.4,55.6,38.9,1.5,30.9,1.2,0.39,38.9,0.89,-0.2,-849,2.67,0.11,4.6,31.7,2152,3.1,1.15,1.38
RED Academy,S14,BR,13,38.50%,0.98,1829,-29,30:52:00,15.8,16.2,5.7,6.5,69.2,84.6,2.15,54.9,3.6,0.46,46.2,1.08,0.6,1878,6.08,0.46,36.4,32.1,2697,3.4,1.23,1.57
RED Canids,S14,BR,33,60.60%,1.29,1845,41,33:17:00,15.6,12.1,7.2,5.9,54.5,36.4,2.48,53.3,3.1,0.55,54.5,0.85,-0.2,-326,4.09,0.79,50.5,32.6,2455,3.6,1.25,1.52
Rise Gaming,S14,BR,23,56.50%,1.02,1853,9,34:54:00,14.4,14.1,6.4,6.5,52.2,52.2,2.43,46.7,2.7,0.3,30.4,0.78,0,-907,3.7,0.83,48.9,34.2,2335,3.5,1.28,1.66
Rogue,S14,EUW,10,20.00%,0.71,1748,-223,34:51:00,9.8,13.8,4.5,10,40,70,1.5,29.7,2.8,0.6,60,0.7,0,-746,4.7,0.5,20,33.5,2156,3.3,0.99,1.49
ROSSMANN Centaurs,S14,DE,25,52.00%,0.93,1945,-14,29:33:00,18.8,20.2,6.8,6.8,36,48,1.44,39.7,4.1,0.44,44,0.28,0,0,5.56,0.56,37.5,31.8,2955,2.6,0.74,1.03
Royal Never Give Up,S14,CN,31,22.60%,0.67,1778,-198,33:54:00,10.3,15.3,4.7,8.1,32.3,32.3,2.13,43.9,2.5,0.32,32.3,-,-,-1249,-,0.52,24.9,34.4,2281,3.7,1.25,1.75
Ruddy Esports,S14,EUW,32,59.40%,1.07,1936,71,30:55:00,18.5,17.2,6.9,5.9,46.9,46.9,2.22,54.6,1.9,0.72,71.9,1.06,-0.1,-31,4.88,1.19,73.4,32.4,3065,2.7,0.59,1.15
SAMCLAN Esports Club,S14,PT,13,7.70%,0.45,1669,-421,28:47:00,10.2,22.5,2.8,9.8,23.1,23.1,1.46,32.8,2.1,0.15,15.4,0.46,-0.9,-3245,2.85,0.23,11.5,30.3,2209,2.3,0.41,0.89
Sengoku Gaming,S14,JP,32,34.40%,0.77,1821,-109,30:24:00,12.6,16.4,5.8,7.3,50,53.1,1.69,42.1,2.8,0.44,43.8,0.69,-0.2,-415,3.94,0.53,39.1,33.2,2367,3.4,1.43,1.46
Shopify Rebellion,S14,NA,16,25.00%,0.92,1743,-184,32:14:00,12.1,13.1,4.4,8.1,56.3,31.3,1.81,42.7,3.1,0.31,31.3,0.75,-0.3,-883,4.31,0.56,30.4,32.8,2301,3.6,1.23,1.56
Six Karma,S14,LAT,20,5.00%,0.53,1707,-341,30:02:00,10.1,18.8,3.2,9.4,50,25,1.35,36.3,1.4,0.35,35,0.65,-0.5,-1723,3.95,0.25,15.7,32.9,2257,3.5,1.21,1.35
SK Gaming,S14,EUW,19,57.90%,1.04,1858,33,31:55:00,13.4,12.8,6.7,5.9,52.6,63.2,2.37,49.6,3.4,0.63,63.2,0.74,0,385,4.84,0.79,49.1,33.8,2330,3.6,1.31,1.68
SK Gaming Prime,S14,DE,36,52.80%,1.25,1864,51,32:36:00,14.6,11.6,6.6,6,58.3,55.6,2.61,56.2,2.8,0.39,40,0.94,0,464,4.33,0.81,53.7,34.5,2534,3.1,0.98,1.32
SNOOZE Esports,S14,BE,20,45.00%,0.94,1856,5,30:24:00,14.8,15.7,5.8,6.4,35,55,2,49.1,3.9,0.65,65,0.85,0,507,4.15,0.7,55,32.5,2924,2.8,0.76,1.06
SoftBank Hawks Gaming,S14,JP,34,79.40%,1.54,2006,255,30:14:00,19.9,12.9,8.6,3.9,50,55.9,2.12,57,3.3,0.53,52.9,0.82,0.3,1458,5.15,0.97,75.3,34,3047,3.6,1.2,1.59
Solary,S14,FR,18,44.40%,0.99,1852,-33,33:36:00,14.3,14.4,6.1,7,27.8,27.8,2,39.1,2.3,0.39,38.9,0.56,-0.2,-679,3.39,0.83,47.2,33.3,2460,3.2,0.93,1.46
SPIKE Syndicate,S14,RS,14,35.70%,0.78,1768,-158,29:45:00,13.4,17.1,4.5,7.6,57.1,35.7,1.79,41.1,3.1,0.21,21.4,0.43,0,-629,3.14,0.5,26.9,31.2,2283,2.5,0.48,1.04
Spinebusters E-Sport,S14,DE,34,76.50%,1.84,2025,263,29:19:00,21.4,11.5,8.3,4.6,73.5,61.8,2.76,65.9,2.1,0.71,70.6,1.35,0.5,2245,6.32,1.09,77.9,32.4,2975,3.1,0.97,1.21
Stormbringers,S14,ES,27,55.60%,1.04,1868,7,32:01:00,14.5,13.9,6.8,6.5,74.1,51.9,2.33,51,2.3,0.41,40.7,1.15,0,-78,3.56,0.85,47.5,33.6,2569,3,0.95,1.32
Supernova,S14,NA,28,57.10%,1.05,1883,26,31:40:00,17.1,16.4,6.5,5.4,50,67.9,2.29,50.6,3.1,0.54,53.6,0.79,0.3,526,4.61,0.82,48.1,32.9,2735,3.1,0.88,1.33
T1,S14,KR,58,60.30%,1.2,1898,103,32:07:00,12.9,10.7,6.8,5.2,50,67.2,2.34,54.1,2.9,0.47,46.6,0.81,0.4,975,5.6,0.79,58.8,35.4,2450,3.7,1.26,1.71
T1 Challengers,S14,KR,53,47.20%,0.99,1832,-50,32:13:00,12.1,12.2,5.8,6.7,54.7,50.9,2.38,51.2,2.9,0.49,49.1,1.06,0,4,4.94,0.75,47.4,34.1,2449,3.3,1.14,1.66
Tani eSports,S14,ES,17,47.10%,1.02,1871,11,33:29:00,16.9,16.4,6.4,7.1,58.8,52.9,2.24,47.3,2.5,0.47,47.1,0.71,-0.2,-523,4.12,0.82,49,32.1,2524,3,1.02,1.3
Team BDS,S14,EUW,37,56.80%,1.08,1876,38,34:26:00,13.5,12.5,6.9,6.3,54.1,51.4,2.32,48.5,3,0.54,54.1,0.73,0,-30,4.22,0.95,54.6,34.6,2514,3.7,1.2,1.84
Team BDS Academy,S14,FR,46,80.40%,1.54,2008,265,31:07:00,19.3,12.5,8.3,3.5,58.7,71.7,2.91,65.9,2.8,0.59,58.7,1.07,0.4,1376,4.76,0.98,77.9,34.7,3090,3.3,1.09,1.57
Team Bliss,S14,OCE,35,60.00%,1.15,1914,58,29:32:00,16.6,14.4,6.3,5.7,62.9,45.7,2.2,56,3.3,0.66,65.7,1.03,-0.2,324,4.74,0.69,49.2,33.3,2797,3.1,0.97,1.19
Team du Sud,S14,FR,18,22.20%,0.61,1764,-204,35:22:00,11.4,18.7,5.4,8.5,33.3,22.2,2.44,45.3,2.9,0.67,66.7,1,-0.3,-1258,3.5,1,38.5,32.8,2313,3.1,0.98,1.46
Team Flash,S14,VN,33,30.30%,0.78,1787,-143,32:43:00,12.8,16.5,5.6,7.8,45.5,54.5,2.21,45.3,3,0.61,60.6,0.94,0,-115,4.42,0.42,33.3,33,2475,3.8,1.44,1.76
Team GO,S14,FR,57,57.90%,1.19,1874,53,33:11:00,14.4,12.1,6.7,6.3,50.9,59.6,2.35,49.2,3.1,0.47,47.4,0.84,0.2,900,4.84,0.82,51.8,34.5,2637,3.4,1.24,1.65
Team Heretics,S14,EUW,14,28.60%,0.83,1769,-109,32:05:00,11.4,13.6,4.9,6.9,42.9,42.9,2.21,49.2,3.7,0.5,50,0.86,0,-306,3.29,0.36,36.1,33.4,2107,3.7,1.14,1.77
Team Liquid,S14,NA,25,80.00%,1.67,1965,246,30:09:00,17.7,10.6,8.4,3.4,60,72,2.48,66.5,3.3,0.64,64,0.84,0.7,1836,6.96,0.92,76.1,33.1,2895,3.5,1.27,1.63
Team Liquid Challengers,S14,NA,28,42.90%,1.03,1845,-4,36:15:00,16.9,16.4,6.1,6.5,53.6,57.1,2.93,55,2.9,0.43,42.9,0.86,0.2,757,5.11,0.96,48.8,33.3,2884,3.7,1.29,1.46
Team Paradox,S14,GR,14,42.90%,0.66,1761,-231,28:46:00,12.9,19.3,4.4,7.8,21.4,28.6,1.93,46.8,1.8,0.21,21.4,0.86,-0.5,-2214,2.86,0.71,39.3,31.1,2231,2.6,0.64,1.11
Team Phantasma,S14,GR,29,75.90%,1.38,2045,272,30:40:00,21.3,15.4,8.4,4.1,58.6,72.4,1.72,46.6,3.7,0.48,51.9,0.45,0.9,2376,6.24,0.97,66.1,34,3122,3.2,1.1,1.38
Team Refuse,S14,GR,26,46.20%,0.96,1881,-32,32:04:00,16.9,17.7,5.6,6.7,46.2,61.5,2.35,49.4,2.3,0.15,16,0.92,-0.1,-604,3.88,0.69,40.7,33.2,2802,3.1,0.77,1.29
Team Secret,S14,VN,34,52.90%,1.22,1914,94,32:37:00,16.3,13.3,6.4,5.9,61.8,61.8,2.53,53.9,3,0.56,55.9,0.97,0.1,1382,4.44,0.74,53.5,34.7,2615,3.8,1.33,1.8
Team UNiTY,S14,CZ,28,53.60%,0.99,1855,-32,31:15:00,14.2,14.4,5.6,6.4,57.1,53.6,2.25,55.3,2.3,0.57,57.1,0.89,0,-244,3.61,0.68,42.9,33.5,2439,2.8,0.67,1.25
Team Vitality,S14,EUW,10,20.00%,0.64,1787,-120,31:23:00,10.1,15.8,5.5,7.5,70,40,2.3,52.7,3.1,0.4,44.4,1.22,-0.1,699,5,0.7,46.3,33.1,2280,3.3,1.07,1.61
Team WE,S14,CN,29,37.90%,0.75,1802,-89,32:34:00,10.8,14.3,5.3,7,44.8,34.5,1.79,37.8,3.4,0.55,55.2,-,-,-526,-,0.55,44,34.4,2277,3.8,1.26,1.89
Team Whales,S14,VN,42,40.50%,0.85,1788,-125,31:44:00,12,14.1,5.1,6.9,54.8,21.4,1.95,40.5,2.9,0.4,40.5,0.83,-0.4,-1050,3.81,0.6,42.9,33.7,2403,3.8,1.45,1.88
TeamOrangeGaming,S14,DE,22,63.60%,1.11,1948,114,30:10:00,19,17.1,8.4,5.4,63.6,68.2,2.64,63.4,2.7,0.41,40.9,1.27,0.2,652,6.27,0.91,67.5,31.3,3140,3,0.88,1.12
Top Esports,S14,CN,54,72.20%,1.24,1953,171,31:06:00,14.4,11.6,7.9,4.4,44.4,55.6,2.39,57.4,3.3,0.67,66.7,0.88,0.3,756,5.63,0.91,71.4,35.1,2687,3.4,1.1,1.8
Tropa Raizen,S14,BR,13,38.50%,0.83,1773,-116,29:58:00,12.4,14.9,4.8,6.3,46.2,30.8,1.77,42.3,2.9,0.38,38.5,0.77,-0.1,-1126,3,0.92,59.6,32.2,2100,3.1,1.09,1.37
TT,S14,CN,37,54.10%,1.06,1901,42,32:03:00,14.4,13.6,6.5,6.1,37.8,54.1,2.81,63.7,3.1,0.51,51.4,-,-,154,-,0.81,55.7,35.2,2539,3.5,1.29,1.75
Twisted Minds,S14,AL,24,58.30%,1.39,1911,90,30:33:00,18.5,13.3,7,5.4,83.3,50,2.54,56.7,3,0.58,58.3,1.17,0,658,5.46,0.75,59.1,32.5,2702,2.9,1.06,1.27
UCAM Tokiers,S14,ES,33,54.50%,1.07,1825,3,33:07:00,14.4,13.4,6.9,6.4,51.5,57.6,1.7,38.5,2.8,0.58,57.6,0.48,0.2,463,5.55,1.12,59.6,31.7,2547,3.4,1.15,1.44
Ultra Prime,S14,CN,35,37.10%,0.99,1846,-57,33:29:00,12.7,12.8,5.6,7.3,51.4,60,2.14,46.9,3.3,0.49,48.6,-,-,304,-,0.71,41.8,34.4,2239,3.8,1.26,1.87
Unicorns Of Love Sexy Edition,S14,DE,46,63.00%,1.4,1924,131,32:25:00,16.6,11.8,7.5,5.4,45.7,56.5,2.24,53.5,2.7,0.41,42.2,0.87,0.2,562,5.61,0.76,54.4,34.3,2642,3.5,1.01,1.48
V3 Esports,S14,JP,24,29.20%,0.75,1782,-170,31:49:00,13,17.4,5.2,7.7,45.8,25,1.67,35.7,2.5,0.5,50,0.58,-0.3,-1147,3.96,0.58,30.6,32.1,2582,3.6,1.45,1.5
Veni Vidi Vici,S14,ES,21,90.50%,1.97,2047,354,31:10:00,18.2,9.2,9.7,2.9,33.3,57.1,2.9,66.3,4.5,0.81,81,0.86,0.3,939,6.19,1.48,88.9,35.3,2826,2.7,0.82,1.34
Venomcrest Esports,S14,EUW,36,58.30%,1.07,1916,71,31:00:00,15.8,14.6,7.2,5.9,41.7,50,2.39,54.3,2.5,0.47,47.2,0.97,0.1,117,4.97,0.86,58.6,33.9,2784,3,0.77,1.32
Venus,S14,TR,18,16.70%,0.6,1665,-359,28:18:00,11.1,18.6,2.9,8.2,55.6,22.2,1.61,41.7,2.3,0.28,29.4,1.11,-0.5,-1957,2.11,0.17,17.6,31,2047,2.6,0.85,1.02
Verdant,S14,EUW,14,28.60%,0.69,1797,-190,33:22:00,14.1,20.4,4.8,9,42.9,14.3,2.14,41.3,2.2,0.29,28.6,1,-0.4,-1303,2.86,0.57,23.1,32.3,2513,2.9,0.84,1.18
Vikings Esports,S14,VN,43,74.40%,1.3,2024,225,32:16:00,17.8,13.7,8.1,4.2,34.9,79.1,2.77,63.9,3.2,0.44,44.2,1.05,0.8,1332,6.09,0.93,71.9,36.1,3044,4.1,1.09,2
Vitality.Bee,S14,FR,50,66.00%,1.32,1931,132,31:28:00,17.1,13,7.1,5.1,46,54,2.5,57.5,2.9,0.5,50,0.94,0,240,4.5,0.92,66.7,33.6,2731,3.2,1.13,1.41
Vivo Keyd Stars,S14,BR,31,71.00%,1.27,1985,225,30:23:00,17,13.3,7.9,4.4,48.4,67.7,2.52,60.7,3.3,0.48,48.4,1.1,0.2,1099,5.81,0.81,62.8,34.1,2868,3.2,1.06,1.64
Vivo Keyd Stars Academy,S14,BR,37,75.70%,1.42,1927,182,33:06:00,16.6,11.6,7.6,4.3,43.2,51.4,2.68,56.4,3.4,0.68,67.6,1,-0.1,421,3.65,0.95,62.6,34.6,2701,3.9,1.33,2
Weibo Gaming,S14,CN,54,53.70%,1.05,1874,14,31:03:00,13.3,12.7,6.1,5.8,51.9,38.9,1.91,45.2,2.7,0.5,50,-,-,-83,-,0.69,50.6,34.8,2455,3.6,1.28,1.65
WeSports,S14,DE,18,5.60%,0.56,1693,-352,28:53:00,11.4,20.3,2.3,9,38.9,16.7,1.33,33.8,1.4,0.28,27.8,0.83,-0.7,-2665,2.39,0.44,32.4,30.5,2388,2.6,0.81,1.06
West Point Esports,S14,PCS,23,21.70%,0.64,1728,-255,30:52:00,11.7,18.3,3.4,8.1,39.1,26.1,1.83,38.7,2.4,0.43,43.5,1.13,-0.5,-1616,2.61,0.57,31.9,32.3,2531,3.5,1.31,1.46
White Dragons,S14,PT,26,53.80%,1.21,1872,62,31:24:00,16.2,13.3,6.5,5.9,46.2,53.8,2.77,61.9,1.3,0.58,57.7,1.42,-0.1,652,4.65,0.62,58.3,32.8,2403,3.1,0.9,1.17
Wild Panthers Esports,S14,GR,14,7.10%,0.58,1759,-276,30:03:00,12.1,21,4.4,8.5,42.9,35.7,1.64,37.9,2.8,0.36,35.7,0.71,-0.1,-1195,3.79,0.36,14.3,31.9,2445,2.7,0.68,1.15
Winthrop University,S14,NA,25,36.00%,0.74,1850,-130,31:39:00,16.5,22.4,5.2,7.4,36,28,1.84,41.7,3.4,0.64,64,0.72,-0.5,-1131,3.72,0.64,47.3,32.3,2855,3.2,0.69,1.16
WLGaming Esports,S14,GR,14,50.00%,1.03,1816,-22,32:44:00,14.5,14,6.1,6.8,42.9,35.7,2.14,45.6,1.9,0.29,33.3,0.86,-0.1,-441,2.71,0.71,54.8,32.6,2543,2.7,0.86,1.48
ZennIT Gaming,S14,BE,25,56.00%,1.13,1889,57,32:15:00,16.6,14.7,7,5.6,64,44,2.44,51,2.6,0.32,32,0.96,0.2,45,4.32,0.72,45.1,33.3,2716,2.7,0.75,1.34
Zerance,S14,FR,18,27.80%,0.76,1773,-172,32:07:00,14.8,19.3,4.6,8.1,55.6,27.8,1.94,43.8,2.5,0.56,55.6,0.94,-0.4,-1926,3.39,0.5,35.6,31.2,2422,3,0.91,1.1
Zero Tenacity,S14,PL,34,64.70%,1.25,1941,180,31:35:00,14.1,11.2,7.6,4.8,47.1,67.6,2.41,52.2,3.3,0.82,84.8,0.82,0.3,1351,5.18,0.88,65.2,35.6,2636,3.4,1.07,1.45
ZETA,S14,ES,18,27.80%,0.79,1754,-142,32:01:00,11.8,15.1,4.6,7.7,27.8,27.8,1.61,38.8,1.3,0.28,27.8,0.67,-0.2,-1112,3.33,0.39,25.5,32.2,2438,2.8,0.93,1.43